% Model,A0_C1_A0_C1_B0_C1_B0_C1_st235_new.mph
% Version,COMSOL 6.4.0.343
% Date,"Aug 7 2026, 11:17"
% Table,Table 4 - Global Evaluation 4
% eta_P,lamda (nm),theta (deg),freq (THz),"Reflectance, order 0 (1)"
0,379.99999999999994,0,788.9275210526316,0.3131077752611359
0,379.99999999999994,10,788.9275210526316,0.25974590215021276
0,379.99999999999994,20,788.9275210526316,0.7116445831617553
0,379.99999999999994,29.999999999999996,788.9275210526316,0.7735815455851118
0,379.99999999999994,40,788.9275210526316,0.7851225841126728
0,379.99999999999994,50,788.9275210526316,0.42499216425598146
0,379.99999999999994,59.99999999999999,788.9275210526316,0.6607652441585526
0,379.99999999999994,70,788.9275210526316,0.845569482260822
0,379.99999999999994,80,788.9275210526316,0.9067018362519539
0,390,0,768.6986102564102,0.22172138374811165
0,390,10,768.6986102564102,0.0896520849331836
0,390,20,768.6986102564102,0.33164398400654105
0,390,29.999999999999996,768.6986102564102,0.6029796367028015
0,390,40,768.6986102564102,0.473686397114764
0,390,50,768.6986102564102,0.3623619249471241
0,390,59.99999999999999,768.6986102564102,0.6806120323096071
0,390,70,768.6986102564102,0.7835159968789557
0,390,80,768.6986102564102,0.8748082162700431
0,400,0,749.481145,0.2338372298296587
0,400,10,749.481145,0.2080755821493143
0,400,20,749.481145,0.6098734892527775
0,400,29.999999999999996,749.481145,0.5844159553648836
0,400,40,749.481145,0.27135463513624397
0,400,50,749.481145,0.27064881307061694
0,400,59.99999999999999,749.481145,0.5391514083178537
0,400,70,749.481145,0.7099847973674345
0,400,80,749.481145,0.8180379232094364
0,410,0,731.2011170731707,0.026640578440025448
0,410,10,731.2011170731707,0.28121398183904384
0,410,20,731.2011170731707,0.8078767108814197
0,410,29.999999999999996,731.2011170731707,0.6863341588299608
0,410,40,731.2011170731707,0.32633338850859095
0,410,50,731.2011170731707,0.20313769845626495
0,410,59.99999999999999,731.2011170731707,0.2900401035425615
0,410,70,731.2011170731707,0.46556625409165486
0,410,80,731.2011170731707,0.6488007443593589
0,419.99999999999994,0,713.7915666666668,0.5615522731226835
0,419.99999999999994,10,713.7915666666668,0.6421582711153098
0,419.99999999999994,20,713.7915666666668,0.7542565896292386
0,419.99999999999994,29.999999999999996,713.7915666666668,0.70937997805033
0,419.99999999999994,40,713.7915666666668,0.57022079119682
0,419.99999999999994,50,713.7915666666668,0.38512876337868085
0,419.99999999999994,59.99999999999999,713.7915666666668,0.4475008220494072
0,419.99999999999994,70,713.7915666666668,0.5329780155536321
0,419.99999999999994,80,713.7915666666668,0.6400085603757522
0,429.99999999999994,0,697.1917627906976,0.8001727846896667
0,429.99999999999994,10,697.1917627906976,0.707337437675593
0,429.99999999999994,20,697.1917627906976,0.7107491364545043
0,429.99999999999994,29.999999999999996,697.1917627906976,0.703282802621206
0,429.99999999999994,40,697.1917627906976,0.39997317705881164
0,429.99999999999994,50,697.1917627906976,0.410210314938773
0,429.99999999999994,59.99999999999999,697.1917627906976,0.5792006514918067
0,429.99999999999994,70,697.1917627906976,0.5545670550787379
0,429.99999999999994,80,697.1917627906976,0.6508096265034186
0,439.99999999999994,0,681.3464954545453,0.8349669994162066
0,439.99999999999994,10,681.3464954545453,0.8000206555884581
0,439.99999999999994,20,681.3464954545453,0.7437521031163383
0,439.99999999999994,29.999999999999996,681.3464954545453,0.6278369906872755
0,439.99999999999994,40,681.3464954545453,0.25899349545253736
0,439.99999999999994,50,681.3464954545453,0.39677802288294656
0,439.99999999999994,59.99999999999999,681.3464954545453,0.6883105253028117
0,439.99999999999994,70,681.3464954545453,0.633606148865572
0,439.99999999999994,80,681.3464954545453,0.6990181348869148
0,450,0,666.2054622222221,0.8422382417653324
0,450,10,666.2054622222221,0.8549930840960435
0,450,20,666.2054622222221,0.7843676933052453
0,450,29.999999999999996,666.2054622222221,0.5446728598510668
0,450,40,666.2054622222221,0.12859441585547438
0,450,50,666.2054622222221,0.43973792115998395
0,450,59.99999999999999,666.2054622222221,0.6123827419534809
0,450,70,666.2054622222221,0.5948246839408812
0,450,80,666.2054622222221,0.6741825513608523
0,460,0,651.7227347826087,0.8091259465147246
0,460,10,651.7227347826087,0.8218075444585575
0,460,20,651.7227347826087,0.7510297243417585
0,460,29.999999999999996,651.7227347826087,0.4353615194194882
0,460,40,651.7227347826087,0.1513299321804875
0,460,50,651.7227347826087,0.5854984960488907
0,460,59.99999999999999,651.7227347826087,0.7049595528839295
0,460,70,651.7227347826087,0.664452653991635
0,460,80,651.7227347826087,0.7627442623415617
0,470,0,637.8562936170213,0.8220831854136503
0,470,10,637.8562936170213,0.7921869578398597
0,470,20,637.8562936170213,0.7521155462493472
0,470,29.999999999999996,637.8562936170213,0.4837659484714349
0,470,40,637.8562936170213,0.1766763267023473
0,470,50,637.8562936170213,0.5765920159447027
0,470,59.99999999999999,637.8562936170213,0.6915963748324055
0,470,70,637.8562936170213,0.6583358466181516
0,470,80,637.8562936170213,0.7345953008605228
0,480,0,624.5676208333332,0.8506599334156473
0,480,10,624.5676208333332,0.6796251570795225
0,480,20,624.5676208333332,0.4862855161597306
0,480,29.999999999999996,624.5676208333332,0.3341282605555675
0,480,40,624.5676208333332,0.2861538883988624
0,480,50,624.5676208333332,0.48134095996342063
0,480,59.99999999999999,624.5676208333332,0.5429389908611498
0,480,70,624.5676208333332,0.60675276840246
0,480,80,624.5676208333332,0.7623184551661322
0,490,0,611.8213428571428,0.9236295681328399
0,490,10,611.8213428571428,0.7405899910513197
0,490,20,611.8213428571428,0.4920567824495543
0,490,29.999999999999996,611.8213428571428,0.14911056719017218
0,490,40,611.8213428571428,0.22515624007105356
0,490,50,611.8213428571428,0.43786437573462506
0,490,59.99999999999999,611.8213428571428,0.47667667403198544
0,490,70,611.8213428571428,0.493665270943746
0,490,80,611.8213428571428,0.5958296754458362
0,500,0,599.5849159999999,0.8251544489834366
0,500,10,599.5849159999999,0.6126642670258802
0,500,20,599.5849159999999,0.3782973928952609
0,500,29.999999999999996,599.5849159999999,0.16266611515374704
0,500,40,599.5849159999999,0.0722217548249382
0,500,50,599.5849159999999,0.16060796113298387
0,500,59.99999999999999,599.5849159999999,0.23758988383373292
0,500,70,599.5849159999999,0.264268318532065
0,500,80,599.5849159999999,0.3773139486393563
0,509.99999999999994,0,587.8283490196079,0.7402536808476697
0,509.99999999999994,10,587.8283490196079,0.7172848771427103
0,509.99999999999994,20,587.8283490196079,0.4078198754747589
0,509.99999999999994,29.999999999999996,587.8283490196079,0.16319849299890335
0,509.99999999999994,40,587.8283490196079,0.06650744470249173
0,509.99999999999994,50,587.8283490196079,0.26311754652336955
0,509.99999999999994,59.99999999999999,587.8283490196079,0.20417149914624347
0,509.99999999999994,70,587.8283490196079,0.18796879739951683
0,509.99999999999994,80,587.8283490196079,0.2403184262678046
0,519.9999999999999,0,576.5239576923076,0.6937615648215025
0,519.9999999999999,10,576.5239576923076,0.6664588171197688
0,519.9999999999999,20,576.5239576923076,0.37762822266235324
0,519.9999999999999,29.999999999999996,576.5239576923076,0.1650660896402711
0,519.9999999999999,40,576.5239576923076,0.05905026420095217
0,519.9999999999999,50,576.5239576923076,0.21677437613858663
0,519.9999999999999,59.99999999999999,576.5239576923076,0.20650991396776697
0,519.9999999999999,70,576.5239576923076,0.11144933270647328
0,519.9999999999999,80,576.5239576923076,0.20657015773880666
0,530,0,565.6461471698113,0.5319847305481799
0,530,10,565.6461471698113,0.556192089107213
0,530,20,565.6461471698113,0.2866077348488587
0,530,29.999999999999996,565.6461471698113,0.13380611213324625
0,530,40,565.6461471698113,0.1377601695613868
0,530,50,565.6461471698113,0.08808396626801263
0,530,59.99999999999999,565.6461471698113,0.036094351147731796
0,530,70,565.6461471698113,0.027215207923421754
0,530,80,565.6461471698113,0.15984285185535593
0,540,0,555.1712185185185,0.4498129693797551
0,540,10,555.1712185185185,0.36310145790932213
0,540,20,555.1712185185185,0.25147284804700054
0,540,29.999999999999996,555.1712185185185,0.020142062451821763
0,540,40,555.1712185185185,0.1529063278232649
0,540,50,555.1712185185185,0.1339087676017577
0,540,59.99999999999999,555.1712185185185,0.043972277770074904
0,540,70,555.1712185185185,0.08112431045656397
0,540,80,555.1712185185185,0.30611082965855807
0,550,0,545.0771963636364,0.4418398403757632
0,550,10,545.0771963636364,0.3171663618880373
0,550,20,545.0771963636364,0.34936417204918563
0,550,29.999999999999996,545.0771963636364,0.033519337459852666
0,550,40,545.0771963636364,0.07133671572291879
0,550,50,545.0771963636364,0.18151448714791873
0,550,59.99999999999999,545.0771963636364,0.09406859163319045
0,550,70,545.0771963636364,0.10903829588271902
0,550,80,545.0771963636364,0.2929466237292377
0,560,0,535.343675,0.21077411854371342
0,560,10,535.343675,0.19881930489809133
0,560,20,535.343675,0.1921379115309547
0,560,29.999999999999996,535.343675,0.008606305097738373
0,560,40,535.343675,0.032516706883116975
0,560,50,535.343675,0.03127963931779065
0,560,59.99999999999999,535.343675,0.05285065181441335
0,560,70,535.343675,0.13824862964601303
0,560,80,535.343675,0.347383551443174
0,570,0,525.9516807017543,0.09469430493709559
0,570,10,525.9516807017543,0.10823354610130684
0,570,20,525.9516807017543,0.06019568244810422
0,570,29.999999999999996,525.9516807017543,0.010390896855996049
0,570,40,525.9516807017543,0.014257659185529205
0,570,50,525.9516807017543,0.06384448557940965
0,570,59.99999999999999,525.9516807017543,0.003882450038196649
0,570,70,525.9516807017543,0.08275369303593375
0,570,80,525.9516807017543,0.22891390044192622
0,580,0,516.883548275862,0.0055213438113821825
0,580,10,516.883548275862,0.014156996447639559
0,580,20,516.883548275862,0.010140721452486495
0,580,29.999999999999996,516.883548275862,0.021453748111474186
0,580,40,516.883548275862,0.05448489214160585
0,580,50,516.883548275862,0.11059577263544282
0,580,59.99999999999999,516.883548275862,0.06047937223894899
0,580,70,516.883548275862,0.029611788833033996
0,580,80,516.883548275862,0.13501944146852649
0,590,0,508.12281016949134,0.08888629394341276
0,590,10,508.12281016949134,0.04388257046301848
0,590,20,508.12281016949134,0.023017787317224668
0,590,29.999999999999996,508.12281016949134,0.015972561340681354
0,590,40,508.12281016949134,0.10505256428280296
0,590,50,508.12281016949134,0.10392118241389693
0,590,59.99999999999999,508.12281016949134,0.06890965723314225
0,590,70,508.12281016949134,0.024324667533951547
0,590,80,508.12281016949134,0.15880087962689618
0,600,0,499.65409666666653,0.20800744454774914
0,600,10,499.65409666666653,0.1547079499427221
0,600,20,499.65409666666653,0.11632317817710992
0,600,29.999999999999996,499.65409666666653,0.005276780701912363
0,600,40,499.65409666666653,0.10989919291910265
0,600,50,499.65409666666653,0.1409899884466889
0,600,59.99999999999999,499.65409666666653,0.025628502668518842
0,600,70,499.65409666666653,0.08125230330339166
0,600,80,499.65409666666653,0.3461394647723997
0,610,0,491.46304590163925,0.17942015595662136
0,610,10,491.46304590163925,0.18508699784638633
0,610,20,491.46304590163925,0.14792580285702533
0,610,29.999999999999996,491.46304590163925,0.0028570228518879697
0,610,40,491.46304590163925,0.1170801174988936
0,610,50,491.46304590163925,0.08353930369427714
0,610,59.99999999999999,491.46304590163925,0.003207987243273463
0,610,70,491.46304590163925,0.13237820099734937
0,610,80,491.46304590163925,0.42560501478591417
0,619.9999999999999,0,483.5362225806452,0.09610487486945965
0,619.9999999999999,10,483.5362225806452,0.15993529455726133
0,619.9999999999999,20,483.5362225806452,0.10532212875495203
0,619.9999999999999,29.999999999999996,483.5362225806452,0.01016046081094198
0,619.9999999999999,40,483.5362225806452,0.07444060194590418
0,619.9999999999999,50,483.5362225806452,0.042670491579162494
0,619.9999999999999,59.99999999999999,483.5362225806452,0.05713964871480533
0,619.9999999999999,70,483.5362225806452,0.16413747592557013
0,619.9999999999999,80,483.5362225806452,0.4304615017459936
0,629.9999999999999,0,475.8610444444444,0.1352628312131664
0,629.9999999999999,10,475.8610444444444,0.14923409777184604
0,629.9999999999999,20,475.8610444444444,0.0966542311471001
0,629.9999999999999,29.999999999999996,475.8610444444444,0.028148701928364817
0,629.9999999999999,40,475.8610444444444,0.04451444499522309
0,629.9999999999999,50,475.8610444444444,0.07617588421674482
0,629.9999999999999,59.99999999999999,475.8610444444444,0.13705506313145432
0,629.9999999999999,70,475.8610444444444,0.17411511464683724
0,629.9999999999999,80,475.8610444444444,0.39728343543979466
0,639.9999999999999,0,468.425715625,0.17878737949130544
0,639.9999999999999,10,468.425715625,0.14523541749792906
0,639.9999999999999,20,468.425715625,0.0792763628185692
0,639.9999999999999,29.999999999999996,468.425715625,0.03080399194724741
0,639.9999999999999,40,468.425715625,0.03147231255597442
0,639.9999999999999,50,468.425715625,0.13077489472620393
0,639.9999999999999,59.99999999999999,468.425715625,0.24287355940574484
0,639.9999999999999,70,468.425715625,0.277908835903249
0,639.9999999999999,80,468.425715625,0.4212814910888544
0,650,0,461.2191661538462,0.14624976260953387
0,650,10,461.2191661538462,0.0957942289442566
0,650,20,461.2191661538462,0.07173429357789929
0,650,29.999999999999996,461.2191661538462,0.029526141742415052
0,650,40,461.2191661538462,0.08529038976835106
0,650,50,461.2191661538462,0.17554004631863426
0,650,59.99999999999999,461.2191661538462,0.26722060884422577
0,650,70,461.2191661538462,0.30112766176452355
0,650,80,461.2191661538462,0.4801944798833847
0,660,0,454.23099696969695,0.03883857895763648
0,660,10,454.23099696969695,0.040056645839420535
0,660,20,454.23099696969695,0.038717513195805735
0,660,29.999999999999996,454.23099696969695,0.028162418677556797
0,660,40,454.23099696969695,0.12575863686854064
0,660,50,454.23099696969695,0.2423188187260345
0,660,59.99999999999999,454.23099696969695,0.25118325860831714
0,660,70,454.23099696969695,0.25432510948985443
0,660,80,454.23099696969695,0.4148027505350566
0,670,0,447.45142985074625,0.042979876781160456
0,670,10,447.45142985074625,0.033435020461365386
0,670,20,447.45142985074625,0.015541844540274696
0,670,29.999999999999996,447.45142985074625,0.03362284305027663
0,670,40,447.45142985074625,0.1699785085595982
0,670,50,447.45142985074625,0.25236553499993036
0,670,59.99999999999999,447.45142985074625,0.19911652356085371
0,670,70,447.45142985074625,0.17724666273824696
0,670,80,447.45142985074625,0.28333584067598444
0,680,0,440.8712617647059,0.046361779666340204
0,680,10,440.8712617647059,0.019169727333368965
0,680,20,440.8712617647059,0.005033543572611138
0,680,29.999999999999996,440.8712617647059,0.08745935186506487
0,680,40,440.8712617647059,0.23125290360322007
0,680,50,440.8712617647059,0.20445090242594918
0,680,59.99999999999999,440.8712617647059,0.10187182248917769
0,680,70,440.8712617647059,0.04929666647378754
0,680,80,440.8712617647059,0.07115986901567782
0,690,0,434.48182318840577,0.04834075914066298
0,690,10,434.48182318840577,0.015326901690714264
0,690,20,434.48182318840577,0.007204107301344534
0,690,29.999999999999996,434.48182318840577,0.10784998204275555
0,690,40,434.48182318840577,0.20386026179609731
0,690,50,434.48182318840577,0.13261223016583296
0,690,59.99999999999999,434.48182318840577,0.026933913888524105
0,690,70,434.48182318840577,0.026193234334518953
0,690,80,434.48182318840577,0.1855385640668324
0,700,0,428.27493999999984,0.061208524556099715
0,700,10,428.27493999999984,0.04333458327478548
0,700,20,428.27493999999984,0.026011191101133282
0,700,29.999999999999996,428.27493999999984,0.11925262851858046
0,700,40,428.27493999999984,0.1408712243501376
0,700,50,428.27493999999984,0.06996944175562651
0,700,59.99999999999999,428.27493999999984,0.028362300736089273
0,700,70,428.27493999999984,0.15356944923747964
0,700,80,428.27493999999984,0.43479230349900744
0,710,0,422.24289859154925,0.0826427409551128
0,710,10,422.24289859154925,0.05961934684281226
0,710,20,422.24289859154925,0.051116361587468205
0,710,29.999999999999996,422.24289859154925,0.054048585592957984
0,710,40,422.24289859154925,0.1868581370953742
0,710,50,422.24289859154925,0.03673415353905571
0,710,59.99999999999999,422.24289859154925,0.07571001125333518
0,710,70,422.24289859154925,0.25815021816667555
0,710,80,422.24289859154925,0.5458181566583441
0,720,0,416.3784138888889,0.010523313994485544
0,720,10,416.3784138888889,0.035356868791479146
0,720,20,416.3784138888889,0.04660045222720764
0,720,29.999999999999996,416.3784138888889,0.0320906915317543
0,720,40,416.3784138888889,0.11530487917623598
0,720,50,416.3784138888889,0.03525151974846171
0,720,59.99999999999999,416.3784138888889,0.14363609041955974
0,720,70,416.3784138888889,0.27269820463945715
0,720,80,416.3784138888889,0.525865282479148
0,729.9999999999999,0,410.6746,0.024566399000844855
0,729.9999999999999,10,410.6746,0.03520360620734703
0,729.9999999999999,20,410.6746,0.028296145753076107
0,729.9999999999999,29.999999999999996,410.6746,0.03949211695620372
0,729.9999999999999,40,410.6746,0.0879050013804485
0,729.9999999999999,50,410.6746,0.05442729799139296
0,729.9999999999999,59.99999999999999,410.6746,0.1861947935006408
0,729.9999999999999,70,410.6746,0.27448786745701914
0,729.9999999999999,80,410.6746,0.5527319956904045
0,739.9999999999999,0,405.1249432432432,0.058946208212767234
0,739.9999999999999,10,405.1249432432432,0.06330334424400791
0,739.9999999999999,20,405.1249432432432,0.028268476940974153
0,739.9999999999999,29.999999999999996,405.1249432432432,0.06530157828911563
0,739.9999999999999,40,405.1249432432432,0.035748285631625125
0,739.9999999999999,50,405.1249432432432,0.10034362100474846
0,739.9999999999999,59.99999999999999,405.1249432432432,0.20190207537238272
0,739.9999999999999,70,405.1249432432432,0.30959694126248455
0,739.9999999999999,80,405.1249432432432,0.5666297051799579
0,749.9999999999999,0,399.72327733333333,0.09927794048891736
0,749.9999999999999,10,399.72327733333333,0.08411599347111867
0,749.9999999999999,20,399.72327733333333,0.022227093707905585
0,749.9999999999999,29.999999999999996,399.72327733333333,0.07965754281938872
0,749.9999999999999,40,399.72327733333333,0.0655256380845835
0,749.9999999999999,50,399.72327733333333,0.14631435092569683
0,749.9999999999999,59.99999999999999,399.72327733333333,0.1784416385716679
0,749.9999999999999,70,399.72327733333333,0.24398113459166734
0,749.9999999999999,80,399.72327733333333,0.504056872141706
0,759.9999999999999,0,394.4637605263158,0.11413543019235452
0,759.9999999999999,10,394.4637605263158,0.0914898220550904
0,759.9999999999999,20,394.4637605263158,0.02074830647423807
0,759.9999999999999,29.999999999999996,394.4637605263158,0.09090241480875563
0,759.9999999999999,40,394.4637605263158,0.1013879650985811
0,759.9999999999999,50,394.4637605263158,0.14672705193524785
0,759.9999999999999,59.99999999999999,394.4637605263158,0.18219355976569995
0,759.9999999999999,70,394.4637605263158,0.19634119423140214
0,759.9999999999999,80,394.4637605263158,0.40577214889127616
0,770,0,389.34085454545453,0.18132253539766185
0,770,10,389.34085454545453,0.09951159814318106
0,770,20,389.34085454545453,0.04365724600738455
0,770,29.999999999999996,389.34085454545453,0.11733444817806063
0,770,40,389.34085454545453,0.1350804560926592
0,770,50,389.34085454545453,0.1757858626638964
0,770,59.99999999999999,389.34085454545453,0.22851878555746735
0,770,70,389.34085454545453,0.22355775523163007
0,770,80,389.34085454545453,0.2898532210627037
0,780,0,384.3493051282051,0.18298770934080133
0,780,10,384.3493051282051,0.12161947437642623
0,780,20,384.3493051282051,0.06577188400951454
0,780,29.999999999999996,384.3493051282051,0.13136648994433656
0,780,40,384.3493051282051,0.18484456413291558
0,780,50,384.3493051282051,0.21640573667386775
0,780,59.99999999999999,384.3493051282051,0.16246484332124683
0,780,70,384.3493051282051,0.2871615588288047
0,780,80,384.3493051282051,0.25661108408026473
1,379.99999999999994,0,788.9275210526316,0.10629129258194923
1,379.99999999999994,10,788.9275210526316,0.16146441569073605
1,379.99999999999994,20,788.9275210526316,0.3683657861709144
1,379.99999999999994,29.999999999999996,788.9275210526316,0.47931361007598833
1,379.99999999999994,40,788.9275210526316,0.10893046565838627
1,379.99999999999994,50,788.9275210526316,0.1971038401518272
1,379.99999999999994,59.99999999999999,788.9275210526316,0.19673610819123805
1,379.99999999999994,70,788.9275210526316,0.2285968393057543
1,379.99999999999994,80,788.9275210526316,0.34366576847052827
1,390,0,768.6986102564102,0.4200314149488243
1,390,10,768.6986102564102,0.33289435604354356
1,390,20,768.6986102564102,0.2719425125864602
1,390,29.999999999999996,768.6986102564102,0.09249974883043767
1,390,40,768.6986102564102,0.0220090859950771
1,390,50,768.6986102564102,0.288562677667273
1,390,59.99999999999999,768.6986102564102,0.37005382480118637
1,390,70,768.6986102564102,0.42365374320991667
1,390,80,768.6986102564102,0.542393666426611
1,400,0,749.481145,0.4975179144754297
1,400,10,749.481145,0.4006166045538275
1,400,20,749.481145,0.3158681486235769
1,400,29.999999999999996,749.481145,0.16413425991723862
1,400,40,749.481145,0.10432248662551374
1,400,50,749.481145,0.35316428253478455
1,400,59.99999999999999,749.481145,0.3530276235240756
1,400,70,749.481145,0.4513563377002341
1,400,80,749.481145,0.6182077575351885
1,410,0,731.2011170731707,0.6698952580784854
1,410,10,731.2011170731707,0.582654423266375
1,410,20,731.2011170731707,0.3706347332779308
1,410,29.999999999999996,731.2011170731707,0.154243280797351
1,410,40,731.2011170731707,0.20378914024039485
1,410,50,731.2011170731707,0.298252325735228
1,410,59.99999999999999,731.2011170731707,0.4420651386485052
1,410,70,731.2011170731707,0.42550870739542573
1,410,80,731.2011170731707,0.6062661336830052
1,419.99999999999994,0,713.7915666666668,0.7151617335943256
1,419.99999999999994,10,713.7915666666668,0.6037239409665207
1,419.99999999999994,20,713.7915666666668,0.374503297767818
1,419.99999999999994,29.999999999999996,713.7915666666668,0.06044368535888524
1,419.99999999999994,40,713.7915666666668,0.18416253019530374
1,419.99999999999994,50,713.7915666666668,0.2793429922555182
1,419.99999999999994,59.99999999999999,713.7915666666668,0.45457071680109895
1,419.99999999999994,70,713.7915666666668,0.4885581927066027
1,419.99999999999994,80,713.7915666666668,0.573495579916666
1,429.99999999999994,0,697.1917627906976,0.7920689071589979
1,429.99999999999994,10,697.1917627906976,0.6250938261479249
1,429.99999999999994,20,697.1917627906976,0.390879144514405
1,429.99999999999994,29.999999999999996,697.1917627906976,0.03271868109041695
1,429.99999999999994,40,697.1917627906976,0.17061398210193582
1,429.99999999999994,50,697.1917627906976,0.32221264799204397
1,429.99999999999994,59.99999999999999,697.1917627906976,0.4303353308645107
1,429.99999999999994,70,697.1917627906976,0.5981662990458314
1,429.99999999999994,80,697.1917627906976,0.7064863261556789
1,439.99999999999994,0,681.3464954545453,0.7923831014315522
1,439.99999999999994,10,681.3464954545453,0.6431097539692356
1,439.99999999999994,20,681.3464954545453,0.14760359728718636
1,439.99999999999994,29.999999999999996,681.3464954545453,0.1518827957474702
1,439.99999999999994,40,681.3464954545453,0.17950178947429624
1,439.99999999999994,50,681.3464954545453,0.30323193996406084
1,439.99999999999994,59.99999999999999,681.3464954545453,0.3638056305273666
1,439.99999999999994,70,681.3464954545453,0.5674871038117656
1,439.99999999999994,80,681.3464954545453,0.6845688839826833
1,450,0,666.2054622222221,0.8134232300259143
1,450,10,666.2054622222221,0.6511073326548396
1,450,20,666.2054622222221,0.19065091384527796
1,450,29.999999999999996,666.2054622222221,0.23089139208041418
1,450,40,666.2054622222221,0.29461139171418865
1,450,50,666.2054622222221,0.26081403894696464
1,450,59.99999999999999,666.2054622222221,0.34614393564903423
1,450,70,666.2054622222221,0.47601659454337764
1,450,80,666.2054622222221,0.5769011052512258
1,460,0,651.7227347826087,0.8674545769682553
1,460,10,651.7227347826087,0.6730023668847225
1,460,20,651.7227347826087,0.4003028832740507
1,460,29.999999999999996,651.7227347826087,0.3000039125813739
1,460,40,651.7227347826087,0.4154117531862995
1,460,50,651.7227347826087,0.3019041019578952
1,460,59.99999999999999,651.7227347826087,0.40327211467598545
1,460,70,651.7227347826087,0.3031830341948318
1,460,80,651.7227347826087,0.4206165908045808
1,470,0,637.8562936170213,0.875251249042557
1,470,10,637.8562936170213,0.6896709818629624
1,470,20,637.8562936170213,0.5277806037519879
1,470,29.999999999999996,637.8562936170213,0.4098730015765038
1,470,40,637.8562936170213,0.3416023922796128
1,470,50,637.8562936170213,0.33325474822944734
1,470,59.99999999999999,637.8562936170213,0.2989504790124636
1,470,70,637.8562936170213,0.2940871770602934
1,470,80,637.8562936170213,0.48380558669168483
1,480,0,624.5676208333332,0.83779432852446
1,480,10,624.5676208333332,0.657228278636953
1,480,20,624.5676208333332,0.5297329997306333
1,480,29.999999999999996,624.5676208333332,0.5269312029661477
1,480,40,624.5676208333332,0.29113931017100214
1,480,50,624.5676208333332,0.26616508878200806
1,480,59.99999999999999,624.5676208333332,0.162285049501941
1,480,70,624.5676208333332,0.14540426915821347
1,480,80,624.5676208333332,0.4288832049015827
1,490,0,611.8213428571428,0.726900663549753
1,490,10,611.8213428571428,0.6235828409165491
1,490,20,611.8213428571428,0.49379931723711745
1,490,29.999999999999996,611.8213428571428,0.5720654780315512
1,490,40,611.8213428571428,0.3702792650623795
1,490,50,611.8213428571428,0.20681787173233349
1,490,59.99999999999999,611.8213428571428,0.08611002271997198
1,490,70,611.8213428571428,0.14798324745331912
1,490,80,611.8213428571428,0.3936626178141311
1,500,0,599.5849159999999,0.6632645367883365
1,500,10,599.5849159999999,0.572065420857347
1,500,20,599.5849159999999,0.48557222844406334
1,500,29.999999999999996,599.5849159999999,0.5772928065389645
1,500,40,599.5849159999999,0.4159220102161145
1,500,50,599.5849159999999,0.1954222992117889
1,500,59.99999999999999,599.5849159999999,0.12239713874112156
1,500,70,599.5849159999999,0.2051658027161944
1,500,80,599.5849159999999,0.3545135300491209
1,509.99999999999994,0,587.8283490196079,0.5980074606343058
1,509.99999999999994,10,587.8283490196079,0.5216086268146726
1,509.99999999999994,20,587.8283490196079,0.5185298618070161
1,509.99999999999994,29.999999999999996,587.8283490196079,0.481495683246818
1,509.99999999999994,40,587.8283490196079,0.30698255893939624
1,509.99999999999994,50,587.8283490196079,0.20476464223438456
1,509.99999999999994,59.99999999999999,587.8283490196079,0.1651674365875619
1,509.99999999999994,70,587.8283490196079,0.20773375571501362
1,509.99999999999994,80,587.8283490196079,0.319766127496552
1,519.9999999999999,0,576.5239576923076,0.4799022006264777
1,519.9999999999999,10,576.5239576923076,0.41353048878201726
1,519.9999999999999,20,576.5239576923076,0.4931646719575097
1,519.9999999999999,29.999999999999996,576.5239576923076,0.39692197693550857
1,519.9999999999999,40,576.5239576923076,0.226108244311231
1,519.9999999999999,50,576.5239576923076,0.2393533497295361
1,519.9999999999999,59.99999999999999,576.5239576923076,0.19032391901902654
1,519.9999999999999,70,576.5239576923076,0.1596019314610736
1,519.9999999999999,80,576.5239576923076,0.24587068474151996
1,530,0,565.6461471698113,0.26808699011812076
1,530,10,565.6461471698113,0.2801663339483805
1,530,20,565.6461471698113,0.37534631342248226
1,530,29.999999999999996,565.6461471698113,0.2991302351953029
1,530,40,565.6461471698113,0.1280105878356124
1,530,50,565.6461471698113,0.14555040934379165
1,530,59.99999999999999,565.6461471698113,0.19211291159181315
1,530,70,565.6461471698113,0.13241347501382678
1,530,80,565.6461471698113,0.23318418248375933
1,540,0,555.1712185185185,0.09859993937909056
1,540,10,555.1712185185185,0.1341938996108337
1,540,20,555.1712185185185,0.1655834674024296
1,540,29.999999999999996,555.1712185185185,0.28124564622527853
1,540,40,555.1712185185185,0.13136311807702972
1,540,50,555.1712185185185,0.05826408165021002
1,540,59.99999999999999,555.1712185185185,0.12149272039075909
1,540,70,555.1712185185185,0.11772138003956653
1,540,80,555.1712185185185,0.3089309590852675
1,550,0,545.0771963636364,0.06689338579373388
1,550,10,545.0771963636364,0.09041639208135432
1,550,20,545.0771963636364,0.1016352563719608
1,550,29.999999999999996,545.0771963636364,0.24997264333249766
1,550,40,545.0771963636364,0.15490298043124975
1,550,50,545.0771963636364,0.14046404258861528
1,550,59.99999999999999,545.0771963636364,0.07738751245136277
1,550,70,545.0771963636364,0.13936898342313142
1,550,80,545.0771963636364,0.3938019157488106
1,560,0,535.343675,0.04934446269116606
1,560,10,535.343675,0.082081736550974
1,560,20,535.343675,0.11680168168107286
1,560,29.999999999999996,535.343675,0.13378486511568793
1,560,40,535.343675,0.05361225997793138
1,560,50,535.343675,0.1691785428857025
1,560,59.99999999999999,535.343675,0.10695965072049113
1,560,70,535.343675,0.16554359704186278
1,560,80,535.343675,0.409165148235933
1,570,0,525.9516807017543,0.08673141773906462
1,570,10,525.9516807017543,0.062385716914555384
1,570,20,525.9516807017543,0.09086720711638185
1,570,29.999999999999996,525.9516807017543,0.02210783078497205
1,570,40,525.9516807017543,0.04462770590509529
1,570,50,525.9516807017543,0.152091758981235
1,570,59.99999999999999,525.9516807017543,0.1685214215703738
1,570,70,525.9516807017543,0.17585855412889922
1,570,80,525.9516807017543,0.39506660251717274
1,580,0,516.883548275862,0.06852306664679271
1,580,10,516.883548275862,0.059630929720441386
1,580,20,516.883548275862,0.04975243551451451
1,580,29.999999999999996,516.883548275862,0.007778215725043098
1,580,40,516.883548275862,0.08778902800417863
1,580,50,516.883548275862,0.15505856124865358
1,580,59.99999999999999,516.883548275862,0.16730327439050685
1,580,70,516.883548275862,0.19170551738156022
1,580,80,516.883548275862,0.38334535465195396
1,590,0,508.12281016949134,0.10768487445425688
1,590,10,508.12281016949134,0.10306669977857713
1,590,20,508.12281016949134,0.04079479422372233
1,590,29.999999999999996,508.12281016949134,0.08278374280981937
1,590,40,508.12281016949134,0.1542027919029721
1,590,50,508.12281016949134,0.1328247915548082
1,590,59.99999999999999,508.12281016949134,0.10240832503693251
1,590,70,508.12281016949134,0.15513623031101367
1,590,80,508.12281016949134,0.36219778123462343
1,600,0,499.65409666666653,0.16450646661611573
1,600,10,499.65409666666653,0.15428417034673964
1,600,20,499.65409666666653,0.08565712009890858
1,600,29.999999999999996,499.65409666666653,0.1839487786070161
1,600,40,499.65409666666653,0.18135093266161567
1,600,50,499.65409666666653,0.09106627745626239
1,600,59.99999999999999,499.65409666666653,0.03877295754981568
1,600,70,499.65409666666653,0.1205887953168356
1,600,80,499.65409666666653,0.33416645941583034
1,610,0,491.46304590163925,0.2065735665605153
1,610,10,491.46304590163925,0.17372433920023836
1,610,20,491.46304590163925,0.1267074448454259
1,610,29.999999999999996,491.46304590163925,0.21769394152132018
1,610,40,491.46304590163925,0.18914624288428272
1,610,50,491.46304590163925,0.0418146375091802
1,610,59.99999999999999,491.46304590163925,0.029362610372501458
1,610,70,491.46304590163925,0.11429726329664938
1,610,80,491.46304590163925,0.2925232604103119
1,619.9999999999999,0,483.5362225806452,0.20771711696502038
1,619.9999999999999,10,483.5362225806452,0.1637494133073775
1,619.9999999999999,20,483.5362225806452,0.12706148551462146
1,619.9999999999999,29.999999999999996,483.5362225806452,0.21891488605471457
1,619.9999999999999,40,483.5362225806452,0.16545585289648468
1,619.9999999999999,50,483.5362225806452,0.01239335196236469
1,619.9999999999999,59.99999999999999,483.5362225806452,0.036206451606294855
1,619.9999999999999,70,483.5362225806452,0.10801404507167925
1,619.9999999999999,80,483.5362225806452,0.24648835686753795
1,629.9999999999999,0,475.8610444444444,0.1382357295145609
1,629.9999999999999,10,475.8610444444444,0.1186488572442091
1,629.9999999999999,20,475.8610444444444,0.09886518848066486
1,629.9999999999999,29.999999999999996,475.8610444444444,0.18116325716635207
1,629.9999999999999,40,475.8610444444444,0.0851614963409339
1,629.9999999999999,50,475.8610444444444,0.0048687943189805035
1,629.9999999999999,59.99999999999999,475.8610444444444,0.06120574111152685
1,629.9999999999999,70,475.8610444444444,0.10077919924935388
1,629.9999999999999,80,475.8610444444444,0.20180962645221256
1,639.9999999999999,0,468.425715625,0.0758282688783013
1,639.9999999999999,10,468.425715625,0.0669147899798733
1,639.9999999999999,20,468.425715625,0.06584452838649353
1,639.9999999999999,29.999999999999996,468.425715625,0.08960119693829989
1,639.9999999999999,40,468.425715625,0.020336151211410903
1,639.9999999999999,50,468.425715625,0.01843140927036137
1,639.9999999999999,59.99999999999999,468.425715625,0.08698122163430332
1,639.9999999999999,70,468.425715625,0.12614576298502544
1,639.9999999999999,80,468.425715625,0.2207464741361287
1,650,0,461.2191661538462,0.04096345204795901
1,650,10,461.2191661538462,0.0323541444813638
1,650,20,461.2191661538462,0.034091427510842945
1,650,29.999999999999996,461.2191661538462,0.03905890476091847
1,650,40,461.2191661538462,0.01815497539816912
1,650,50,461.2191661538462,0.04891571199846309
1,650,59.99999999999999,461.2191661538462,0.09974417916114292
1,650,70,461.2191661538462,0.15288746112843837
1,650,80,461.2191661538462,0.2797803220868635
1,660,0,454.23099696969695,0.01464662608468826
1,660,10,454.23099696969695,0.009920816762860744
1,660,20,454.23099696969695,0.005927752944327204
1,660,29.999999999999996,454.23099696969695,0.020830104959376636
1,660,40,454.23099696969695,0.05743765029759907
1,660,50,454.23099696969695,0.10260565796361588
1,660,59.99999999999999,454.23099696969695,0.1224566775599091
1,660,70,454.23099696969695,0.14216234897353153
1,660,80,454.23099696969695,0.25561383251272873
1,670,0,447.45142985074625,0.005231184290705456
1,670,10,447.45142985074625,0.004598668911158132
1,670,20,447.45142985074625,0.004931715578618714
1,670,29.999999999999996,447.45142985074625,0.04391328922556879
1,670,40,447.45142985074625,0.12119734430377246
1,670,50,447.45142985074625,0.1362931492184849
1,670,59.99999999999999,447.45142985074625,0.15193308546661655
1,670,70,447.45142985074625,0.12858866588774023
1,670,80,447.45142985074625,0.22361849874750162
1,680,0,440.8712617647059,0.023143375319707674
1,680,10,440.8712617647059,0.026421955224375286
1,680,20,440.8712617647059,0.025988190853382956
1,680,29.999999999999996,440.8712617647059,0.1034699001536626
1,680,40,440.8712617647059,0.18078829661326387
1,680,50,440.8712617647059,0.13957192876669464
1,680,59.99999999999999,440.8712617647059,0.17317304380218257
1,680,70,440.8712617647059,0.10980400217868382
1,680,80,440.8712617647059,0.20003505173877936
1,690,0,434.48182318840577,0.03456411799331949
1,690,10,434.48182318840577,0.07162828914679835
1,690,20,434.48182318840577,0.07543836272180363
1,690,29.999999999999996,434.48182318840577,0.1654679004934563
1,690,40,434.48182318840577,0.23230588636964516
1,690,50,434.48182318840577,0.1741523120278689
1,690,59.99999999999999,434.48182318840577,0.14615778092775633
1,690,70,434.48182318840577,0.07790499958929066
1,690,80,434.48182318840577,0.1947645643318921
1,700,0,428.27493999999984,0.10449681871197837
1,700,10,428.27493999999984,0.11962546501506434
1,700,20,428.27493999999984,0.15264841136892848
1,700,29.999999999999996,428.27493999999984,0.21006044037588384
1,700,40,428.27493999999984,0.2609871626444634
1,700,50,428.27493999999984,0.21463396467556595
1,700,59.99999999999999,428.27493999999984,0.10094090895079545
1,700,70,428.27493999999984,0.030974983298707556
1,700,80,428.27493999999984,0.20484434986172925
1,710,0,422.24289859154925,0.1593092342502886
1,710,10,422.24289859154925,0.1573042020542794
1,710,20,422.24289859154925,0.19258457892701086
1,710,29.999999999999996,422.24289859154925,0.23161563767884294
1,710,40,422.24289859154925,0.2751685153590955
1,710,50,422.24289859154925,0.19356233172961426
1,710,59.99999999999999,422.24289859154925,0.07282634085023765
1,710,70,422.24289859154925,0.00840687886086857
1,710,80,422.24289859154925,0.23053862652278223
1,720,0,416.3784138888889,0.19108401176297632
1,720,10,416.3784138888889,0.18565800976254604
1,720,20,416.3784138888889,0.21380239744974774
1,720,29.999999999999996,416.3784138888889,0.2351690262284003
1,720,40,416.3784138888889,0.26198528557097006
1,720,50,416.3784138888889,0.2006342737606251
1,720,59.99999999999999,416.3784138888889,0.04341760344160912
1,720,70,416.3784138888889,0.026626689546626885
1,720,80,416.3784138888889,0.27635225546803405
1,729.9999999999999,0,410.6746,0.21216915113035448
1,729.9999999999999,10,410.6746,0.200199020519491
1,729.9999999999999,20,410.6746,0.2065563118082684
1,729.9999999999999,29.999999999999996,410.6746,0.22440537074625863
1,729.9999999999999,40,410.6746,0.21048755428006372
1,729.9999999999999,50,410.6746,0.1506904719776485
1,729.9999999999999,59.99999999999999,410.6746,0.01149747202712441
1,729.9999999999999,70,410.6746,0.06402967770641486
1,729.9999999999999,80,410.6746,0.3117982272639101
1,739.9999999999999,0,405.1249432432432,0.22291038007484665
1,739.9999999999999,10,405.1249432432432,0.20395221053552878
1,739.9999999999999,20,405.1249432432432,0.17928687585487052
1,739.9999999999999,29.999999999999996,405.1249432432432,0.20266940848322595
1,739.9999999999999,40,405.1249432432432,0.1536225405535674
1,739.9999999999999,50,405.1249432432432,0.0951852484678129
1,739.9999999999999,59.99999999999999,405.1249432432432,0.0020700383344215275
1,739.9999999999999,70,405.1249432432432,0.09981837173947851
1,739.9999999999999,80,405.1249432432432,0.33017126326934026
1,749.9999999999999,0,399.72327733333333,0.21217880315928997
1,749.9999999999999,10,399.72327733333333,0.18083714290491196
1,749.9999999999999,20,399.72327733333333,0.14058872772961079
1,749.9999999999999,29.999999999999996,399.72327733333333,0.17818039223942478
1,749.9999999999999,40,399.72327733333333,0.11407437250006555
1,749.9999999999999,50,399.72327733333333,0.05513860362261379
1,749.9999999999999,59.99999999999999,399.72327733333333,0.0054790130267192445
1,749.9999999999999,70,399.72327733333333,0.14033958567759344
1,749.9999999999999,80,399.72327733333333,0.504056872141706
1,759.9999999999999,0,394.4637605263158,0.17954591952582286
1,759.9999999999999,10,394.4637605263158,0.1333215612950549
1,759.9999999999999,20,394.4637605263158,0.08621608113079925
1,759.9999999999999,29.999999999999996,394.4637605263158,0.15353890007807935
1,759.9999999999999,40,394.4637605263158,0.08669488366671291
1,759.9999999999999,50,394.4637605263158,0.03689466602737543
1,759.9999999999999,59.99999999999999,394.4637605263158,0.031272204451313665
1,759.9999999999999,70,394.4637605263158,0.1750446589484784
1,759.9999999999999,80,394.4637605263158,0.3719917149775684
1,770,0,389.34085454545453,0.16569824719998036
1,770,10,389.34085454545453,0.13081279485954111
1,770,20,389.34085454545453,0.07660770928949111
1,770,29.999999999999996,389.34085454545453,0.12459561101801724
1,770,40,389.34085454545453,0.0679025108831608
1,770,50,389.34085454545453,0.03801079339186225
1,770,59.99999999999999,389.34085454545453,0.06507329838283239
1,770,70,389.34085454545453,0.16534075337802154
1,770,80,389.34085454545453,0.3783835770555333
1,780,0,384.3493051282051,0.15885365641005467
1,780,10,384.3493051282051,0.13664830469375974
1,780,20,384.3493051282051,0.10408546615148431
1,780,29.999999999999996,384.3493051282051,0.09761551582764888
1,780,40,384.3493051282051,0.059191507764869616
1,780,50,384.3493051282051,0.054299187260402004
1,780,59.99999999999999,384.3493051282051,0.11078286304628632
1,780,70,384.3493051282051,0.2070646000395993
1,780,80,384.3493051282051,0.25661108408026473
